,DGS2,DGS10,T10YIE,SP500,BAMLC0A4CBBB,BAMLH0A0HYM2,DCOILBRENTEU,DCOILWTICO,DTWEXBGS,VIXCLS,DEXUSEU,DEXJPUS,NIKKEI225,GLD,ACWI,FEZ,EEM
2026-01-02,0.0,1.0000000000000675,0.0,0.18928827007993476,0.0,2.0000000000000018,0.6299999999999955,-0.04999999999999716,-0.1167320997473631,-0.4399999999999995,0.017040129546214144,-0.05103342800216737,,0.4958545328225483,0.7042781166991752,1.5105102899658718,2.758178158676694
2026-01-05,-1.000000000000023,-2.000000000000046,0.9999999999999787,0.6334084134120843,0.0,-2.0000000000000018,1.0200000000000031,0.8900000000000006,0.01111923457335351,0.39000000000000057,-0.19613701763837588,-0.25555853418124386,,2.597293817991453,0.8316628626573674,0.9591409518008298,1.0963800227806075
2026-01-06,1.000000000000023,0.9999999999999787,1.000000000000023,0.6177589017273277,-1.0000000000000009,-2.0000000000000018,-0.8999999999999986,-1.1300000000000026,0.1349207117455009,-0.15000000000000036,-0.22218433341256727,0.24279610675019825,1.3134337755273506,1.0755105002162146,0.46524412041222263,0.015151092772125452,0.7359405598012181
2026-01-07,0.0,-2.999999999999936,0.0,-0.3445904280642509,1.0000000000000009,0.0,-1.0200000000000031,-0.9600000000000009,0.07611017314435031,0.6300000000000008,0.008554685834377684,0.019143030400137206,-1.0645193952509402,-0.9605943617543744,-0.3748028286178595,-0.3946645861110376,-0.7535299394223927
2026-01-08,2.0000000000000018,4.0000000000000036,0.0,0.0076576371602854465,0.0,-3.000000000000025,2.260000000000005,1.730000000000004,0.18211199041484605,0.06999999999999851,-0.2998502996256619,0.10840800730109734,-1.6390088053180207,0.5507322733438791,-0.027812805049443057,-0.21315316643191196,0.03517566592359245
2026-01-09,4.999999999999982,-1.0000000000000675,0.9999999999999787,0.6454636335169184,-2.0000000000000018,-1.9999999999999574,1.769999999999996,1.2199999999999989,0.10910821561953554,-0.9599999999999991,-0.18034269991507035,0.7429313150316474,1.5964879145336397,0.7215903791294664,0.6793346504630371,1.2119516978840394,0.47364428472222997
2026-01-12,0.0,1.0000000000000675,1.000000000000023,0.15763564193846946,0.0,0.0,0.29000000000000625,0.4299999999999997,-0.18791324889155803,0.629999999999999,0.32609657319147833,0.05059768623540961,,1.8549616736782681,0.4342869255985704,0.7052309808496027,1.3903543418459563
2026-01-13,-1.000000000000023,-1.0000000000000675,0.9999999999999787,-0.1941036445421318,-1.0000000000000009,0.9999999999999787,2.1799999999999926,1.4600000000000009,0.1201819614381705,0.8600000000000012,-0.2230037805556251,0.5737539777331158,,-0.14220515093619213,-0.3376132412532762,-0.17958398638331374,-0.7449143784638679
2026-01-14,-2.0000000000000018,-2.999999999999936,-0.9999999999999787,-0.5347614026380398,0.0,0.9999999999999787,1.2900000000000063,0.990000000000002,-0.15527267880326434,0.7699999999999996,0.0772499072792171,-0.5864009993763908,1.4683128505287968,1.0170333239524432,-0.12430584695746205,-0.1649014756717193,0.41645545923048033
2026-01-15,5.000000000000027,1.9999999999999574,0.0,0.2576587081787096,-1.0000000000000009,-4.999999999999982,-2.710000000000008,-2.710000000000001,0.03450736191288328,-0.9100000000000001,-0.4299232761320021,0.23371137821097676,-0.42549869534056484,-0.6146511992686676,0.20019218004039274,-0.3607455187945696,0.5870177001683352
2026-01-16,2.9999999999999805,7.000000000000028,4.0000000000000036,-0.06424439595011933,-1.0000000000000009,-6.000000000000005,0.8100000000000023,0.269999999999996,0.07389237791066705,0.019999999999999574,-0.051715222666132155,-0.3032986022748041,-0.3226941677647588,-0.48305320875172697,0.0,0.27066649455900205,-0.37944517791963506
2026-01-20,1.000000000000023,5.999999999999961,0.0,-2.0842474609839456,0.0,8.000000000000007,0.710000000000008,0.8999999999999986,-0.5329631998318263,4.23,1.1997744396645942,-0.08230192607898701,-1.7677335447533693,3.7137944625647457,-1.8374655113404081,-1.9562258723287762,-0.9723950521308922
2026-01-21,0.0,-4.0000000000000036,0.9999999999999787,1.1521080474656387,-1.0000000000000009,-4.0000000000000036,-0.960000000000008,0.0800000000000054,-0.08576624367915286,-3.1900000000000013,-0.2900530953510866,0.170859082856456,-0.40932026234532515,1.4463871678662699,1.1523637525784558,1.0662743396565588,1.6440619051439676
2026-01-22,0.9999999999999787,0.0,-2.9999999999999805,0.547250362606988,-1.9999999999999907,-4.999999999999982,-1.2600000000000051,-1.1400000000000006,-0.1231663030540453,-1.259999999999998,0.2815341193268539,0.1263743375568005,1.7175317680285573,1.8294219779694032,0.5539756742167334,0.543963203314668,0.7523979720493124
2026-01-23,-0.9999999999999787,-1.9999999999999574,0.9999999999999787,0.032685032281776216,0.9999999999999898,4.0000000000000036,2.700000000000003,1.4600000000000009,-0.2508256464887282,0.4499999999999993,0.2807437294200882,-0.5001118263975535,0.29381875136724744,1.3651695099227368,0.24140927727289707,0.4960555848419368,0.6283471427116716
2026-01-26,-4.0000000000000036,-2.000000000000046,0.0,0.4993577300732355,0.0,0.9999999999999787,-0.45999999999999375,-0.240000000000002,-0.7133177689121695,0.05999999999999872,0.9722357514125368,-2.369672608985951,-1.8019805486233054,1.452287824537457,0.3850361944226499,0.9253777798479135,0.1691420361265017
2026-01-27,-3.000000000000025,2.000000000000046,2.0000000000000018,0.4073571036609991,0.0,2.0000000000000018,2.5799999999999983,1.5799999999999983,-0.509714706008424,0.20000000000000284,0.7877355742834269,-0.5539097281149985,0.8440929551019494,2.423586666073163,0.9153759385943872,1.5186360607456706,1.9580607898364022
2026-01-28,3.000000000000025,1.9999999999999574,2.0000000000000018,-0.008168160943178293,-0.9999999999999898,1.000000000000023,0.6200000000000045,0.7100000000000009,0.05056093807178641,0.0,-0.32607361360557086,0.37178401106272574,0.04718243446344417,3.8040544426992895,-0.1497123373408904,-1.3850092634942968,0.677183096810019
2026-01-29,-3.000000000000025,-1.9999999999999574,-0.9999999999999787,-0.12934646000264394,0.9999999999999898,4.999999999999982,0.09999999999999432,2.019999999999996,-0.06137442292359907,0.5299999999999976,0.016747613504222714,-0.4698520781554194,0.03164868005605115,0.2705807739847188,-0.09538927150405385,0.08897392425986084,-0.5115917663345293
2026-01-30,-0.9999999999999787,1.9999999999999574,0.9999999999999787,-0.43111820838497295,0.0,2.9999999999999805,1.25,-0.269999999999996,0.3909255966032532,0.5600000000000023,-0.48682318741326003,0.9504661097439637,-0.09887679586277898,-10.841233744964729,-0.8213538745759585,-0.9831642127832829,-2.242024094627215
2026-02-02,4.999999999999982,3.000000000000025,-0.9999999999999787,0.5376762714528027,-0.9999999999999898,1.000000000000023,-4.530000000000001,-2.8999999999999986,0.3905016591454924,-1.1000000000000014,-0.658452488718439,0.74877705898313,-1.260032543928169,-4.087351576386045,0.5551518190547,0.8644993488635677,0.304106136969029
2026-02-03,0.0,-0.9999999999999787,0.9999999999999787,-0.8439512459453624,0.9999999999999898,4.0000000000000036,2.2900000000000063,1.019999999999996,-0.3253826960344597,1.6600000000000001,0.10158301051307328,0.12853472206639793,3.847671533956998,6.164735147244915,-0.527669665395436,-0.4462284429131991,0.5383572939964054
2026-02-04,0.0,0.9999999999999787,-0.9999999999999787,-0.5085322899976319,1.0000000000000009,0.9999999999999787,1.1400000000000006,1.9400000000000048,0.2402677117162355,0.6400000000000006,-0.1354669583171625,0.5827559638389879,-0.7839398792000907,-0.07046601942608532,-0.37861741144018524,-0.32849817641116275,-1.3513668396859302
2026-02-05,-9.999999999999964,-8.000000000000007,-3.000000000000025,-1.2326632274291427,1.0000000000000009,11.000000000000032,-1.2800000000000011,-1.6600000000000037,0.20543705665412304,3.129999999999999,-0.008472781195492662,0.1913754092634612,-0.8793208906036298,-2.699275619765107,-1.235268011590307,-1.052486829559296,-0.4602418721068702
2026-02-06,2.9999999999999805,0.9999999999999787,2.0000000000000018,1.9504358091879226,0.0,-10.000000000000009,0.5799999999999983,0.8700000000000045,-0.22192748019520536,-4.009999999999998,0.08469552466993102,0.12101526905983206,0.8062097274295965,3.0269515441490036,2.12105266346736,2.0051579814409415,2.5971088567003697
2026-02-09,-2.0000000000000018,0.0,1.000000000000023,0.4680114924299872,0.0,-3.000000000000025,0.7399999999999949,0.759999999999998,-0.5100064090101775,-0.40000000000000213,0.7254354884037639,-0.6513848946719136,3.8158768101707707,2.508561432489298,0.7695262004925318,1.4414140102785744,0.7298096129052745
2026-02-10,-2.9999999999999805,-5.999999999999961,-3.000000000000025,-0.3309215963660961,2.0000000000000018,2.0000000000000018,-0.1799999999999926,-0.3299999999999983,-0.10001667778247736,0.4299999999999997,0.0,-1.1599562974828892,2.257002121720575,-0.9963188662021061,-0.06786834469156844,-0.43905622743976025,0.14862547625176248
2026-02-11,6.999999999999984,1.9999999999999574,0.0,-0.004897978000428793,0.0,-2.0000000000000018,0.5099999999999909,0.5999999999999943,-0.05234450291595749,-0.14000000000000057,-0.11773611653527749,-0.878883297999522,,1.1247091222494454,0.2711766542214278,0.32215989755357555,1.571741947241545
2026-02-12,-4.999999999999982,-8.999999999999986,-2.9999999999999805,-1.5784876133702497,1.0000000000000009,8.000000000000007,-1.7199999999999989,-1.7199999999999989,0.06595809474703174,3.1700000000000017,-0.11787489787844219,-0.18980926600553616,,-3.534565209196927,-1.4044542038647911,-1.0434296228798878,-1.1436168411562697
2026-02-13,-7.000000000000028,-4.999999999999982,-2.0000000000000018,0.04989417709708732,1.0000000000000009,3.000000000000025,0.1599999999999966,-0.030000000000001137,-0.010039844578013657,-0.21999999999999886,0.0,0.08513146776545355,-1.2181316203696113,2.457422891441219,0.19891200683730403,-0.22184350884799642,0.4263000059568256
2026-02-17,3.000000000000025,0.9999999999999787,-1.000000000000023,0.10307478073485754,1.0000000000000009,-1.000000000000023,-0.18999999999999773,-0.519999999999996,0.17996861995825952,-0.3100000000000023,-0.32910033500509195,0.5222966759970582,-0.6615918664989451,-3.1666383600954973,0.0411066695440887,0.48741000435974513,-0.4098694766608624
2026-02-18,4.0000000000000036,4.0000000000000036,3.000000000000025,0.5550659701347271,-2.0000000000000018,-8.000000000000007,2.010000000000005,2.799999999999997,0.08922655773790922,-0.6699999999999982,-0.1776575062254815,0.571393022698885,1.0154837496070712,2.2240759759257323,0.4305767188014009,0.5876260372433606,0.5243315243328439
2026-02-19,0.0,-0.9999999999999787,0.0,-0.2826126800979267,0.0,2.0000000000000018,1.3900000000000006,1.3299999999999983,0.3327716792577817,0.6099999999999994,-0.40726341715068004,0.3296599734150085,0.5653715071323617,0.2789156310915253,-0.19797505405589888,-0.7203268556803089,-0.24543734252855387
2026-02-20,0.9999999999999787,0.0,-1.000000000000023,0.6915809547171747,0.0,-2.0000000000000018,-0.4200000000000017,0.030000000000001137,-0.20632695101809873,-1.1400000000000006,0.16140682262180406,0.01935796102188192,-1.1236624791562733,1.95226903950525,0.8776490070253828,1.3481997699957837,2.107388564990309
2026-02-23,-4.999999999999982,-4.999999999999982,-2.0000000000000018,-1.043999339209556,2.0000000000000018,9.00000000000003,-0.8499999999999943,-0.3299999999999983,-0.0442501889125424,1.9200000000000017,0.19503928167106666,-0.44618393398447864,,2.6657023717321593,-0.932330773688328,-0.26235386378505865,-1.1130041436338445
2026-02-24,0.0,0.9999999999999787,0.0,0.7622514474642017,1.0000000000000009,2.0000000000000018,-0.6900000000000119,-0.7399999999999949,0.005765501782573068,-1.4600000000000009,-0.1271563770702422,0.8775382162127698,,-1.3955835494471103,0.7289121598415882,0.1749865719566479,1.5611496766859467
2026-02-25,2.0000000000000018,0.9999999999999787,2.0000000000000018,0.810342532877506,-1.0000000000000009,-3.000000000000025,-0.519999999999996,-0.3200000000000074,-0.1504357446776794,-1.620000000000001,0.1271563770702422,0.41030958961885133,2.177798165034872,-0.25104111690774644,0.8919568165354441,1.0146409383101407,1.095857530151445
2026-02-26,-3.000000000000025,-3.000000000000025,0.0,-0.538002407756899,2.0000000000000018,4.0000000000000036,0.9699999999999989,-0.20000000000000284,0.11473516278606155,0.6999999999999993,-0.10171216337120648,-0.10882438740020817,0.2902253007464495,0.8539325114314877,-0.4720162392663596,-0.25991799336244625,-0.9522364428243613
2026-02-27,-4.0000000000000036,-4.999999999999938,-2.9999999999999805,-0.4348797881100097,4.0000000000000036,12.00000000000001,-0.3400000000000034,1.8599999999999994,-0.06948731118088247,1.2300000000000004,0.2540866955196869,-0.05125248366404378,0.16475681439658274,1.3045947108173195,-0.3860052529184088,-0.8859228324659796,-0.20751554769020686
2026-03-02,9.00000000000003,7.999999999999963,4.0000000000000036,0.03982413482379599,-1.0000000000000009,-7.000000000000028,5.920000000000002,4.170000000000002,0.7143693962052389,1.5800000000000018,-1.1228426918200611,0.9121997358747969,-1.3567001195285755,1.2837146760680263,-0.5647642514529316,-2.960990099307459,-1.7408589970354882
2026-03-03,3.999999999999959,0.9999999999999787,0.0,-0.9488874510841683,0.0,5.000000000000027,6.040000000000006,3.3500000000000085,0.6443503655241933,2.129999999999999,-0.7383909224819407,0.1332614341959193,-3.1107068218465983,-4.563796333219461,-1.9778145044170081,-3.3616681598356735,-5.137890788589772
2026-03-04,3.000000000000025,3.000000000000025,0.0,0.7726108548736121,-3.0000000000000027,-10.999999999999988,-1.7199999999999989,0.09999999999999432,-0.3049000159165871,-2.4200000000000017,0.2925739975320474,-0.483123436686661,-3.6801575158026623,0.77877133277795,0.9145231546361821,1.2048317563571942,1.072626241264718
2026-03-05,2.9999999999999805,4.0000000000000036,2.0000000000000018,-0.5662702054044289,1.0000000000000009,2.9999999999999805,7.030000000000001,6.299999999999997,0.41720015524884246,2.6000000000000014,-0.4564448350138528,0.4133419766913171,1.8855307717620562,-1.2090565447196333,-1.1653764937112676,-2.220056960071304,-2.434123409507105
2026-03-06,-0.9999999999999787,2.000000000000046,4.0000000000000036,-1.3365729048958386,2.0000000000000018,12.99999999999999,7.1499999999999915,9.89,-0.06467014894973033,5.739999999999998,0.18110478840769884,0.038068650926081915,0.618186639586682,1.5708476698148566,-1.1509084991589091,-0.9780840501147026,-0.5393700377061883
2026-03-09,0.0,-3.000000000000025,-1.000000000000023,0.8269840075943335,1.0000000000000009,6.000000000000005,-1.3900000000000006,3.8800000000000097,0.02016684936636537,-3.9899999999999984,-0.12070007500353253,0.2787281672754993,-5.339767253163963,-0.20718179527898783,0.962335880517351,1.0879069077037506,1.9522085690595326
2026-03-10,0.9999999999999787,3.000000000000025,-0.9999999999999787,-0.21373651385516723,-1.0000000000000009,-12.99999999999999,-4.509999999999991,-10.940000000000012,-0.6628617382223645,-0.5700000000000003,0.4819286435948922,-0.3041056575779244,2.8413035919570007,1.1216537509720403,0.0,0.0783737276432106,0.3927242370878936
2026-03-11,7.000000000000028,5.999999999999961,2.9999999999999805,-0.08379262407114396,3.0000000000000027,2.9999999999999805,1.1400000000000006,3.0900000000000034,0.4730822977024651,-0.6999999999999993,-0.7064731718303602,0.7774270423285046,1.4221037045352602,-0.33958635686852645,-0.07693192484401479,0.07831235133117787,0.255302305351357
2026-03-12,11.999999999999966,5.999999999999961,2.0000000000000018,-1.5344854576946787,3.0000000000000027,8.000000000000007,11.399999999999991,8.810000000000002,0.4468221386326299,3.0599999999999987,-0.38115084258353027,0.23896376608494307,-1.0457141904945289,-1.9849632546645068,-1.7573375821213766,-1.8169343512061786,-3.2478281707674306
2026-03-13,-2.9999999999999805,1.0000000000000675,-2.0000000000000018,-0.6077520001309011,2.9999999999999805,10.999999999999988,0.8500000000000085,2.8700000000000045,0.606638587677466,-0.09999999999999787,-0.6792676122327396,0.20705889750702866,-1.1699310805544982,-1.302137256955227,-0.6500276494999291,-1.3160141934325686,-0.26373457921913257
2026-03-16,-4.999999999999982,-4.999999999999982,0.0,1.0079918404358068,1.0000000000000009,-0.9999999999999787,-2.1899999999999977,-5.090000000000003,-0.3779786489432446,-3.6799999999999997,0.37503859754033086,-0.1505457566980617,-0.12728367679599728,-0.08900836759426767,1.3807048011666545,1.5707912595638085,2.743705232649152
2026-03-17,0.0,-3.000000000000025,1.000000000000023,0.2491155157688496,-2.0000000000000018,-4.999999999999982,7.349999999999994,2.6200000000000045,-0.22023117327210073,-1.1400000000000006,0.3302627719445089,-0.1696353248178184,-0.09447980694528013,-0.252257105649889,0.2823353462432898,0.4443069536021582,0.6317739233861808
2026-03-18,7.999999999999963,5.999999999999961,2.9999999999999805,-1.370105213122308,-1.0000000000000009,-2.0000000000000018,9.700000000000003,0.10999999999999943,0.07907895126981757,2.719999999999999,-0.10417571911849055,0.28256588453290377,2.825620272939844,-3.2148428697583498,-1.5412766941973466,-2.160606791985842,-2.0463185257969307
2026-03-19,3.000000000000025,-0.9999999999999787,-2.9999999999999805,-0.2752588617910945,0.0,6.999999999999984,-7.040000000000006,-0.010000000000005116,0.2104055704891472,-1.0300000000000011,0.017370158112109402,-0.8121680302665801,-3.4380272656276745,-4.208848647076113,-0.23649087257506807,0.5646562758432339,0.10417604628303323
2026-03-20,8.999999999999986,13.999999999999968,0.9999999999999787,-1.525389582947767,-1.9999999999999796,-2.9999999999999805,7.3700000000000045,2.5999999999999943,0.07943244896155832,2.7200000000000024,0.24286593601267614,0.6741244618810427,,-3.1034054726858606,-2.0586422048560316,-3.5367123602022765,-3.496734999471851
2026-03-23,-4.999999999999982,-4.999999999999982,-4.999999999999982,1.1388106093258799,0.0,-5.000000000000027,-14.629999999999995,-9.379999999999995,-0.2819168872416178,-0.6300000000000026,0.38045873821500875,-0.35224592969349544,,-2.285337448592628,1.6488541204841667,2.9149659942151906,2.957277751401044
2026-03-24,6.999999999999984,4.999999999999982,0.0,-0.37496133331575976,-2.0000000000000018,0.0,4.6299999999999955,3.8500000000000085,0.16028888749515247,0.8000000000000007,-0.07770343581124939,0.12594460103070304,1.420098711204254,0.022271635118187305,-0.5562705680267399,-0.8793416677739252,-1.38805773884485
2026-03-25,-6.000000000000005,-5.999999999999961,-2.0000000000000018,0.5404526448369751,0.0,-2.0000000000000018,0.7199999999999989,-1.6700000000000017,-0.0010821713518183174,-1.620000000000001,-0.06912044512276116,0.18861998676120706,2.825307095882046,2.9645532839316147,0.9373507085811639,1.138407194619795,1.5798074554039587
2026-03-26,12.00000000000001,8.999999999999986,2.9999999999999805,-1.7559479899018626,2.0000000000000018,4.0000000000000036,4.25,4.670000000000002,0.2168660721260096,2.110000000000003,-0.24229849168106443,0.2822645750508279,-0.2719434442154167,-3.831884826591203,-2.1471726418342385,-2.2568425419689397,-3.455023566981552
2026-03-27,-8.000000000000007,2.000000000000046,-2.9999999999999805,-1.6863223156244445,2.9999999999999805,20.999999999999996,8.079999999999998,5.079999999999998,0.41123411020347334,3.6099999999999994,-0.19079010210294733,0.31893964061193714,-0.4310851128742854,3.449209165387579,-1.3509258392535806,-1.0976333583736952,-0.48793881101492076
2026-03-30,-6.000000000000005,-9.000000000000075,0.0,-0.39535723670915957,2.0000000000000018,4.0000000000000036,0.4099999999999966,3.4299999999999926,0.3303464784375265,-0.4400000000000013,-0.5745641296079573,-0.4192091232247286,-2.8260198337271447,-0.028946950554864515,-0.2679208648340925,0.050157907732728546,-0.8185596957102526
2026-03-31,-2.9999999999999805,-4.999999999999982,-1.000000000000023,2.8714924185273105,-3.0000000000000027,-18.000000000000014,4.810000000000002,-1.8299999999999983,-0.20642124925318583,-5.359999999999999,0.5572015112815049,-0.25740039951731575,-1.5971848683502543,3.719349265015026,3.0674524828341987,3.6916715738074757,3.6582849674765328
2026-04-01,2.0000000000000018,3.000000000000025,1.000000000000023,0.714297472893044,-2.9999999999999805,-11.999999999999966,-7.1299999999999955,-0.9599999999999937,-0.7590181856500955,-0.7100000000000009,0.8300237865377535,-0.28327739191258416,5.107738394974426,1.7348463901670108,0.9351255568256001,1.5345514208430444,0.7717987026786055
2026-04-02,-2.0000000000000018,-2.000000000000046,2.9999999999999805,0.11202303039326011,-1.0000000000000009,0.9999999999999787,8.049999999999997,11.329999999999998,0.31850707742844264,-0.6699999999999982,-0.5872210311116205,0.44658375318560317,-2.4038342871065765,-1.9395701723403214,-0.16480978802038138,-0.940320289320784,-1.1245970307973252
2026-04-06,4.999999999999982,3.000000000000025,2.0000000000000018,0.4416992414478571,-2.0000000000000018,-12.00000000000001,,0.7800000000000011,-0.06043168995848447,0.3000000000000007,-0.008661383228317221,0.2319386715997851,1.7953587230648438,-0.4107092256447231,0.5078853270808814,0.670286879504367,0.9147008071896501
2026-04-07,-2.9999999999999805,-0.9999999999999787,1.000000000000023,0.0758957090345902,1.0000000000000009,7.000000000000028,,0.5699999999999932,-0.09154717852482008,1.6099999999999994,0.2249525087741705,0.11889491716905454,0.02972579288478272,0.9680581273932454,0.03567354840958714,-0.015908137323261684,0.3495849106001536
2026-04-08,-2.0000000000000018,-4.0000000000000036,-4.0000000000000036,2.4772044477339605,-3.0000000000000027,-18.000000000000014,-16.10000000000001,-18.409999999999997,-1.0530652132525908,-4.740000000000002,0.9889576238044928,-0.9488273765579258,5.247992905169241,0.6279313363379835,3.1039601349214685,4.4188815337187215,5.317601176343345
2026-04-09,-1.000000000000023,0.0,0.9999999999999787,0.6151052613166286,0.0,-4.0000000000000036,-3.0799999999999983,3.450000000000003,-0.13430864594692338,-1.5500000000000007,0.17099867367838528,0.3025911657602798,-0.736342418750624,0.7748433781413766,0.3106789021256162,0.1064951146512172,-0.265075362663314
2026-04-10,3.000000000000025,1.9999999999999574,2.0000000000000018,-0.11391668601081761,-1.0000000000000009,4.0000000000000036,0.03999999999999204,-1.2800000000000011,-0.037517613108573045,-0.259999999999998,0.14511932206619227,0.2200635928500283,1.823832149461424,-0.1782773309261465,-0.02068827812085061,0.25814805072643665,0.46342495302171827
2026-04-13,-3.000000000000025,-0.9999999999999787,2.0000000000000018,1.012186151436012,0.0,1.000000000000023,4.210000000000008,2.3799999999999955,0.11469569063198293,-0.10999999999999943,-0.11095464800651433,0.3260599828810662,-0.7429313721337039,-0.4057403475821175,0.9401468064345941,0.7252864560240546,0.8386129925445296
2026-04-14,-2.0000000000000018,-4.0000000000000036,-0.9999999999999787,1.1714039770858165,-2.0000000000000018,-11.000000000000032,-4.590000000000003,-7.650000000000006,-0.5338127702120055,-0.7600000000000016,0.6893350984910313,-0.5209489264697886,2.4037143950767614,2.2103259292038047,1.1544225680863107,1.063281793351667,1.8977161487370608
2026-04-15,0.0,3.000000000000025,2.0000000000000018,0.7944100281507716,-1.0000000000000009,1.000000000000023,-3.759999999999991,-0.029999999999986926,0.00354849011783287,-0.18999999999999773,0.06782535232458253,0.06919762487926917,0.44280115653503316,-1.0456884729500793,0.46479898983999846,-0.6875945592553556,-0.06429084927352946
2026-04-16,2.0000000000000018,3.000000000000025,0.0,0.2606614137922847,0.0,0.9999999999999787,1.6999999999999886,3.4199999999999875,-0.0005914062754186489,-0.23000000000000043,-0.13569673865785614,0.031437643693177364,2.352968133553901,-0.08631178955775809,0.06716834413591499,-0.5866799369764308,0.4011229324016874
2026-04-17,-6.999999999999984,-6.00000000000005,-3.000000000000025,1.1968515194247686,0.0,-2.9999999999999805,-18.0,-10.549999999999997,-0.23862190952197437,-0.46000000000000085,0.15264589124080186,-0.6116612694842871,-1.7669796806346838,1.3205474549607743,1.3342432508888002,1.986772653618285,1.8875948865401782
2026-04-20,1.000000000000023,0.0,-0.9999999999999787,-0.23772069191974055,0.0,4.0000000000000036,4.77000000000001,5.150000000000006,0.1336341357712989,1.3900000000000006,-0.13567372555170765,0.353580365842987,0.5950361113811198,-0.8648499628928441,-0.3252430885401836,-0.37045422842636455,-0.725436550438463
2026-04-21,5.999999999999961,4.0000000000000036,2.9999999999999805,-0.6368401170700366,-1.0000000000000009,-2.0000000000000018,2.739999999999995,2.5799999999999983,0.16537764073083494,0.629999999999999,-0.28040975165183335,0.4590481257104706,0.8873071463741056,-2.872874757170951,-1.1165015046003646,-2.2975688821029294,-1.4829303230177615
2026-04-22,1.000000000000023,0.0,0.0,1.0405736514160324,-1.0000000000000009,-1.000000000000023,7.299999999999997,1.1200000000000045,0.14116150483447498,-0.5799999999999983,-0.32387312039856564,0.06271952037018025,0.39801614791521445,1.3158850718081538,0.956811363690413,0.16695670376707383,1.798981985097825
2026-04-23,4.0000000000000036,4.0000000000000036,4.0000000000000036,-0.4141432114161958,1.0000000000000009,2.0000000000000018,-0.18999999999999773,4.509999999999991,0.09700151487956887,0.389999999999997,-0.08540439497672636,-0.031354843012376676,-0.750689410778449,-0.9742663076259817,-0.6145240189528778,-1.0672563330541784,-1.6384673733604416
2026-04-24,-5.000000000000027,-3.000000000000025,0.0,0.7942043275907196,0.0,0.0,-1.3900000000000006,-0.8499999999999943,0.011707979422492798,-0.5999999999999979,0.11954574047735866,-0.05646350411936396,0.9691601960797769,0.5114015549751549,0.8273977935830068,1.203648110233324,2.2048637268384574
2026-04-27,0.0,4.0000000000000036,2.0000000000000018,0.12316071238149817,1.0000000000000009,-2.0000000000000018,2.030000000000001,1.4699999999999989,-0.15475703878289337,-0.6900000000000013,0.11087894009864652,-0.037660055679822335,1.3657689656191963,-0.7785532512715854,0.013276184193156126,-0.6381004588398298,-0.1570114651196164
2026-04-28,6.000000000000005,1.0000000000000675,0.0,-0.4906138729193543,1.0000000000000009,1.000000000000023,3.730000000000004,3.5600000000000023,0.1903779268102035,-0.19000000000000128,-0.13648385638243554,0.15055520063587124,-1.029274665317459,-1.8737366254643284,-0.5930725021956462,-0.7035802665053659,-1.0266188585106306
2026-04-29,8.000000000000007,5.999999999999961,2.0000000000000018,-0.039930647301922306,-1.0000000000000009,-3.000000000000025,6.539999999999992,7.019999999999996,0.2739322314368131,0.9800000000000004,-0.17086719236166226,0.43782907068825594,,-1.0723068864617602,-0.32132609555075575,-0.971720409094079,-0.47740660520245726
2026-04-30,-4.0000000000000036,-1.9999999999999574,0.0,1.0186244049721793,1.0000000000000009,1.000000000000023,0.0799999999999983,-1.8299999999999983,-0.35875270057514896,-1.9199999999999982,0.2903007503225724,-2.253243108069647,,1.486229443655418,1.5964039002737351,2.2224978729584954,2.0524934116527227
2026-05-01,0.0,-1.0000000000000675,2.0000000000000018,0.2924000966883611,-1.0000000000000009,-6.000000000000005,-5.97999999999999,-3.260000000000005,-0.2348737874430462,0.09999999999999787,0.2214274452664755,0.063812139233832,0.38418189505105005,-0.11336522597229504,0.07917029944053411,0.03030243770991703,0.21853689121762443
2026-05-04,7.000000000000028,6.00000000000005,2.0000000000000018,-0.40704462796039564,0.0,0.9999999999999787,,4.38000000000001,0.3657383966366723,1.3000000000000007,-0.48607949711988174,0.28665178719924356,,-2.0218142966322183,-0.6350122943251435,-2.6410248746238096,-0.04679299145040616
2026-05-05,-2.0000000000000018,-2.000000000000046,-2.9999999999999805,0.8087197784593769,-2.0000000000000018,-0.9999999999999787,,-4.1000000000000085,-0.1732596872797032,-0.9100000000000001,0.0769066476701441,0.29851716410416174,,0.8547670573808119,1.0889459768301357,2.2766702657762927,2.0078011068538792
2026-05-06,-6.000000000000005,-6.99999999999994,-5.000000000000027,1.4482958012582259,0.0,-2.0000000000000018,-10.810000000000002,-6.909999999999997,-0.4414525824016913,0.010000000000001563,0.39215736531816314,-0.789511295715073,,2.9888127796577457,1.9821875287135526,3.320683305418104,3.145706846676699
2026-05-07,4.999999999999982,4.999999999999982,3.000000000000025,-0.38103109376628197,0.0,4.0000000000000036,-1.8800000000000097,-0.37000000000000455,-0.07335570474698017,-0.3100000000000023,0.09354935410314236,0.025565639919378214,,0.1669297507979728,-0.9504577072675602,-2.1413466450883156,-1.3425044219356863
2026-05-08,-2.0000000000000018,-3.000000000000025,0.0,0.83903630375044,0.0,2.0000000000000018,1.6600000000000108,0.4900000000000091,0.023384796938419328,0.11000000000000298,0.0764753404311258,0.10219724956925802,-0.19146545537012116,0.48298583279891005,0.9375894306648647,0.8232918470563177,2.007063521517427
2026-05-11,5.000000000000027,4.0000000000000036,2.0000000000000018,0.1878236576624559,-1.0000000000000009,-2.0000000000000018,2.6299999999999955,2.6899999999999977,0.014400958281601817,1.1899999999999977,0.05944041273808487,0.2550371186005762,-0.4727354501605774,0.20266811021025788,0.09649148470680657,-0.6130911618265067,-0.07362469243927805
2026-05-12,4.999999999999982,4.0000000000000036,0.0,-0.160391021166717,-1.0000000000000009,2.9999999999999805,5.260000000000005,4.219999999999999,0.39530020196281157,-0.39000000000000057,-0.39977937819538345,0.4257353531260222,0.5188391834186845,-0.39650602843979144,-0.5674197723405605,-1.0706574672354918,-3.0964995685129892
2026-05-13,-2.0000000000000018,0.0,0.0,0.5832200784963604,-1.0000000000000009,0.0,-1.0900000000000034,-1.2600000000000051,-0.04227892762269647,-0.11999999999999744,-0.1876813381486514,0.0823958214893672,0.8404467114532466,-0.5628711330521341,0.7921985811712773,0.5593915303670371,2.089830290008088
2026-05-14,2.0000000000000018,0.9999999999999787,0.0,0.7626417898904947,-1.0000000000000009,-6.000000000000005,0.6299999999999955,0.14000000000000057,0.1652165965149166,-0.6099999999999994,-0.28218411986544456,0.15193722851982727,-0.9816307636292265,-0.7671648257757901,0.49275380975277727,0.015064291772759475,0.25261895918102795
2026-05-15,8.999999999999986,12.00000000000001,2.0000000000000018,-1.2440350542895828,-1.0000000000000009,4.0000000000000036,3.049999999999997,4.329999999999998,0.5151468345172106,1.1699999999999982,-0.43767501748746274,0.38513795751926594,-2.0067197465483133,-2.349423139783813,-1.6542035758581264,-2.1175310769453226,-3.488466004944879
2026-05-18,-1.9999999999999574,2.000000000000046,-1.000000000000023,-0.07359122098584692,0.0,3.000000000000025,2.7700000000000102,3.260000000000005,-0.18888995667838415,-0.6099999999999994,0.18903597311688003,0.08818342723131423,-0.9709036545070049,0.2728150184871936,0.17508523580689328,1.4217198772699113,-0.15379386012481788
2026-05-19,5.999999999999961,5.999999999999961,1.000000000000023,-0.670072834731883,1.0000000000000009,2.9999999999999805,-2.0900000000000034,-0.1599999999999966,0.3300515682497007,0.23999999999999844,-0.404284237376748,0.17613390727015954,-0.4372876129648873,-1.6700574279936653,-0.780506082945287,-0.9762171784034379,-1.0988221929604691
2026-05-20,-8.999999999999986,-9.999999999999964,-5.000000000000027,1.0734160570107676,0.0,-6.000000000000005,-5.709999999999994,-10.400000000000006,-0.24189768112545806,-0.6199999999999974,0.15502543798925905,-0.1698380656714349,-1.2399809907945425,1.423595990327442,1.2652307507226013,2.811133826636958,1.8501845102492531
2026-05-21,4.0000000000000036,0.0,-4.999999999999982,0.17138609811624406,-1.0000000000000009,-2.0000000000000018,-3.0900000000000034,-1.4899999999999949,0.17322671284603075,-0.6799999999999997,-0.2671379071511104,0.20125792956768862,3.094744356825885,-0.09827627438161457,0.3796814685233407,0.5795311185945451,0.8669947975529446
2026-05-22,4.999999999999982,-1.0000000000000675,0.9999999999999787,0.3720045391482074,-0.9999999999999898,-3.999999999999959,1.0600000000000023,0.14999999999999147,-0.06888582070949667,-0.060000000000002274,0.12073130131544929,0.025128785155459354,2.6475510712565153,-0.7631102906283438,0.19250625278059985,-0.44548411026168466,-0.22743793867441298
2026-05-26,-12.00000000000001,-5.999999999999961,0.0,0.6089693785401806,0.0,-2.0000000000000018,-4.150000000000006,-2.719999999999999,-0.09829890029138255,0.3100000000000023,0.14640660583566112,0.10045204260054064,2.582475590244826,0.04348594550149798,1.1789861383800115,1.623882716943914,3.7537979361803586
2026-05-27,-0.9999999999999787,-1.9999999999999574,-0.9999999999999787,0.016489931870111718,0.0,-1.000000000000023,-5.640000000000001,-5.280000000000001,0.011159941694582898,-0.7200000000000024,0.09461959331366898,0.06900229235933253,0.005107869119669317,-1.3398563535697683,-0.1267851540499798,-0.13188639644692302,-0.014621597785424711
2026-05-28,-0.9999999999999787,-3.000000000000025,0.0,0.5737224525953266,0.0,1.000000000000023,-1.6400000000000006,0.30000000000001137,-0.1268603661021217,-0.5499999999999989,0.15463920607381998,-0.11293764533339967,-0.47233340184043016,1.0423100202116231,0.38621171131945076,-0.24957153435671842,0.3211711486192037
2026-05-29,-1.000000000000023,0.0,-1.000000000000023,0.21698815079513878,-1.0000000000000009,0.0,-2.5900000000000034,-1.490000000000009,-0.12904035709278006,-0.41999999999999993,0.25720178787883297,-0.03767424382123963,2.4979886528853967,1.0483427987445282,0.18307925485405718,-0.17653718959227405,-0.014576840712532402
2026-06-01,6.999999999999984,1.9999999999999574,2.0000000000000018,0.2621868930305027,0.0,0.0,5.410000000000011,4.799999999999997,0.24113241361085613,0.7300000000000004,-0.4720431028446437,0.2696856349317933,0.9077244035037069,-1.414829684018315,0.35260791479831965,0.029436907782720567,2.134496900553806
2026-06-02,0.0,-0.9999999999999787,-0.9999999999999787,0.12912780053415673,0.0,-1.000000000000023,0.19999999999998863,1.5100000000000051,-0.10864765813858313,-0.28000000000000114,0.15473225815618163,0.1251877980219973,-0.29938249425480734,0.16763707549163342,0.545333480562249,0.8064038257902695,1.0221569280840725
2026-06-03,3.000000000000025,3.000000000000025,-1.000000000000023,-0.7399400395591726,1.0000000000000009,4.0000000000000036,3.200000000000003,2.2900000000000063,0.29267613848498186,0.28999999999999915,-0.3183209123143266,0.06878654556317088,2.468579996022946,-0.9953528184733607,-0.8285767818072998,-1.2637958460896215,-1.2507385480269306
2026-06-04,-3.000000000000025,-2.000000000000046,-2.0000000000000018,0.40467779144748306,0.0,-0.9999999999999787,-2.7099999999999937,-2.930000000000007,-0.019518627156944746,-0.6599999999999984,0.20659385845057665,0.0,-1.3710683140038427,0.8301422193564001,0.30210348412502697,1.1761349192616954,-1.179697019251602
2026-06-05,12.00000000000001,8.000000000000007,0.0,-2.680135433175046,0.0,1.9999999999999574,-1.6899999999999977,-2.510000000000005,0.6027299713946555,6.110000000000001,-0.8289487067104528,0.18111986964202131,-1.3167098097843777,-3.7229842768492283,-3.0239658302369854,-2.2765317370737392,-6.749512794560086
2026-06-08,-1.9999999999999574,0.9999999999999787,-0.9999999999999787,0.29737395870199634,0.0,-0.9999999999999787,0.1699999999999875,0.6800000000000068,-0.04089671304905451,-2.59,0.1039951562657071,-0.08739622255520274,-3.9258798750124058,0.2596058990330441,0.34269982825989587,0.6260444038548307,1.7800033795019488
2026-06-09,-2.000000000000046,-2.999999999999936,-2.0000000000000018,-0.2579708009296411,0.0,2.9999999999999805,-3.309999999999988,-3.0999999999999943,-0.06025108132119428,0.9499999999999993,0.09523397975300385,0.06867488954158674,2.1509122978171646,-1.6471383961975228,-0.20677034114431336,0.5778138075049455,0.10641194711045188
2026-06-10,0.0,1.9999999999999574,0.9999999999999787,-1.6332141340852147,0.9999999999999898,2.0000000000000018,1.5799999999999983,1.7800000000000011,-0.040270958221810815,2.349999999999998,-0.05193456361862192,0.14967261914797803,-1.909624612756744,-4.233937620833839,-1.5382951298728464,-1.548338012334316,-1.7780933196300808
2026-06-11,-8.000000000000007,-9.999999999999964,-4.999999999999982,1.7367257579397943,0.0,-2.0000000000000018,-2.8900000000000006,-2.1000000000000085,0.16997822705873133,-2.7799999999999976,-0.30349036951540787,0.024923671385757018,0.05919162792000776,3.0860698069963277,2.330748856810505,3.3491256904601308,4.2984750481767975
2026-06-12,4.0000000000000036,3.000000000000025,2.0000000000000018,0.5012906969602327,-0.9999999999999898,-6.999999999999984,-4.200000000000003,-2.9599999999999937,-0.509214048734119,-1.7600000000000016,0.5024265593292221,-0.16835545675633057,2.768615466554003,0.056931713926999805,0.4098598975451395,0.08703648857730784,0.5613863945283626
2026-06-15,-1.9999999999999574,-1.0000000000000675,0.9999999999999787,1.639327371130861,-1.0000000000000009,-4.999999999999982,-4.280000000000001,-3.969999999999999,-0.16036978084823517,-1.4800000000000004,0.22440886337984078,-0.024965672330345967,4.873906726737864,2.5566728082746515,1.6459616071937688,0.90915473656068,3.236029539994334
2026-06-16,-2.000000000000046,-4.0000000000000036,-2.9999999999999805,-0.5700403869527193,1.0000000000000009,4.999999999999982,-3.8599999999999994,-4.8500000000000085,-0.05013165952751919,0.21000000000000085,0.13784787226333306,0.11853147150278076,0.12543073399502447,0.27198311858462887,-0.44390774351503737,0.3441852021142999,-1.6041974413836257
2026-06-17,15.000000000000036,6.00000000000005,-3.000000000000025,-1.2222675763243984,-1.0000000000000009,-8.000000000000007,-0.1700000000000017,0.8500000000000085,0.10987119526042477,2.030000000000001,-0.18958985341080703,-0.10604785623158364,0.7146130653717719,-2.2971384282330476,-0.9771745065824788,-0.8771368555033021,-0.11662076078904349
2026-06-18,-0.9999999999999787,-3.000000000000025,-0.9999999999999787,1.0787816708106135,1.0000000000000009,3.000000000000025,-0.980000000000004,-0.30000000000001137,0.8413493624606083,-2.0400000000000027,-1.0666536546985017,0.7151994166290088,1.633513611161952,-0.3815842777874501,1.2310842233872243,1.1773274260801436,3.2008522039353338
2026-06-22,4.999999999999982,4.999999999999982,-2.0000000000000018,-0.37119274964130256,0.0,-1.000000000000023,-2.8599999999999994,-1.4099999999999966,0.12492629521636545,0.8800000000000026,-0.33184905137130793,0.08671952971601726,1.8137211837382594,-0.6556887617395368,-0.09514423982404097,-0.5935039160611666,0.5915484418207662
2026-06-23,-8.000000000000007,-0.9999999999999787,-2.0000000000000018,-1.4466917855330053,0.0,6.000000000000005,-0.7999999999999972,-4.319999999999993,0.4212728419515699,2.2099999999999973,-0.4295426284486592,0.024763202008593055,-3.610266524689898,-1.9084169061679646,-2.019101319161365,-1.7663170453476873,-5.840655311854359
2026-06-24,-4.999999999999982,-8.999999999999986,-2.9999999999999805,-0.09834498689897941,0.9999999999999898,4.999999999999982,-3.5999999999999943,-3.200000000000003,0.29430806108363683,-0.8599999999999994,-0.30794973964747285,0.1299063001654055,-0.8828428274812339,-3.0678886222522017,-0.13607201705143623,-0.5957627095808604,0.11903264631829558
2026-06-25,-2.000000000000046,-0.9999999999999787,2.9999999999999805,-0.009921369755261367,1.0000000000000009,2.0000000000000018,1.6499999999999915,1.25,-0.29372981415480837,0.26000000000000156,0.3255182569098042,-0.055653465864669016,4.510218216691442,0.9627690032062652,0.3042770818436402,0.9663256676290644,1.0502264850220655
2026-06-26,-1.9999999999999574,-2.000000000000046,-0.9999999999999787,-0.04717394834852229,1.0000000000000009,5.000000000000027,-3.5799999999999983,-2.3700000000000045,-0.13995063094149884,-0.4800000000000004,0.15797791595184574,0.0,-4.241825433740765,1.1223558982924153,-0.27186124243101517,-0.7126915666090028,-1.1394820064253963
2026-06-29,2.999999999999936,0.0,2.0000000000000018,1.1681540390059197,-1.0000000000000009,-3.000000000000025,1.4300000000000068,1.5700000000000074,0.05449904637515601,-0.7600000000000016,0.19274581050470196,0.1606922471864891,0.15447785267888037,-1.3608268012377245,0.9932416479298212,1.1702983772153175,0.3565564004391675
2026-06-30,4.0000000000000036,6.00000000000005,2.0000000000000018,0.7889040694017524,0.0,-4.999999999999982,-1.1300000000000097,-1.3100000000000023,-0.022904175068205745,-1.1999999999999993,-0.07004640860784062,0.4190552752251442,0.8517333347874967,-0.054272062711824276,0.7353170156713773,1.1421983435625727,1.442903903238335
2026-07-01,3.000000000000025,4.0000000000000036,-1.000000000000023,-0.21531666062717392,-1.0000000000000009,-0.9999999999999787,-1.2199999999999989,-0.8200000000000074,0.18234377463972606,0.14000000000000057,-0.28946119066387554,-0.12306936511192745,0.5872337728481725,0.6008302974758628,-0.542980102738877,-1.1421983435625727,-2.8617865262107856
2026-07-02,-3.000000000000025,0.9999999999999787,0.0,0.00013363204551808394,0.0,0.9999999999999787,-0.7099999999999937,-0.009999999999990905,-0.3765370769802878,-0.4400000000000013,0.5606181466598525,-0.9340948188174103,-2.5025853824955036,2.011473443068912,0.019213360517866818,1.5925478556573225,-1.1802322001909005
2026-07-06,-0.9999999999999787,-0.9999999999999787,1.000000000000023,0.7215421829322111,0.0,-2.9999999999999805,1.0300000000000011,-0.13000000000000966,0.11990468683880096,-0.5799999999999983,-0.19235819518789998,0.8540184339908663,1.4509302072630348,1.0522812875633392,1.1588104666871324,0.7796760960763649,2.806521400697104
2026-07-07,6.00000000000005,6.99999999999994,0.9999999999999787,-0.44650529462266775,0.0,-5.000000000000027,2.219999999999999,1.9300000000000068,-0.016966722504463405,0.5599999999999987,-0.02625935504607102,-0.2282613039585435,-2.146151078289371,-1.2216825224767192,-0.9604720140431233,-1.3174219098158524,-2.7760781304275284
2026-07-08,1.9999999999999574,0.9999999999999787,0.0,-0.28211963280924124,0.0,3.000000000000025,4.719999999999999,3.030000000000001,0.26138165173286154,0.7699999999999996,-0.23664501161483054,0.4682983479701086,-2.129118736030655,-0.8085737106823032,-0.3585692254477024,-1.187443676415345,0.773027143951488
2026-07-09,-4.999999999999982,-1.9999999999999574,-2.0000000000000018,0.8109798313078898,0.0,0.0,-2.0400000000000063,-1.4099999999999966,-0.312299098267399,-1.0599999999999987,0.37661529078744926,-0.233875045057097,1.3745461204434761,0.9911938090783501,0.7158476066235764,0.48547625833847974,0.8270033053152659
2026-07-10,4.999999999999982,1.9999999999999574,1.000000000000023,0.42000110685318504,2.0000000000000018,-1.000000000000023,-0.11999999999999034,-0.7000000000000028,-0.20592104686043555,-0.8100000000000005,-0.008742405041192725,-0.6056878838094804,1.1942483324670405,-0.3098515188066031,0.41944034148038156,-0.08808921147522852,0.17953737065008468
2026-07-13,4.999999999999982,6.00000000000005,1.9999999999999574,-0.7958570189483538,0.0,0.0,7.280000000000001,6.75,0.19623137715880645,2.130000000000001,-0.3152366883734159,0.6241716027862942,-1.936725550737961,-2.655571613253116,-1.1096282857057993,-0.9000438428885538,-3.653376614081072
2026-07-14,-8.000000000000007,-4.0000000000000036,-0.9999999999999787,0.37519309990230454,1.0000000000000009,3.000000000000025,2.069999999999993,1.2399999999999949,-0.22262389378866487,-0.6600000000000001,0.2277705759136439,-0.11095359579984532,0.7419605648712135,1.3580960339774073,0.639224871811539,0.6352984305228127,1.7976948518487745
2026-07-15,-4.999999999999982,-3.000000000000025,-2.0000000000000018,0.38118621254454865,0.0,-1.000000000000023,-0.6099999999999994,0.29000000000000625,-0.1362230547191423,-0.8300000000000001,0.06997900915386712,-0.006167699758297118,1.4770185744074737,0.05373061432996096,0.3688879198531225,0.7483009267596152,-0.15239026988842497
2026-07-16,3.000000000000025,2.000000000000046,-0.9999999999999787,-0.5114477621599889,-1.0000000000000009,0.0,-1.8499999999999943,-0.7000000000000028,0.01845081325946296,1.0600000000000005,0.09614124762739873,0.17870902922867415,-2.826372495203877,-2.0046553425765445,-0.7391416625906366,-0.5864281706608132,-2.127079626358519
2026-07-17,1.9999999999999574,-2.000000000000046,2.0000000000000018,-1.0149865742796749,1.0000000000000009,2.0000000000000018,3.780000000000001,3.4000000000000057,0.16648506621903536,2.039999999999999,-0.06117009846875743,0.006156687704006458,-4.114931907494679,0.940872323854336,-0.87359279090089,-0.42732093074073774,-1.4120120104938572
2026-07-20,3.000000000000025,4.999999999999982,0.9999999999999787,-0.19341028794794823,0.0,-4.0000000000000036,1.9799999999999898,0.9499999999999886,0.007134809744169246,-0.120000000000001,-0.25381834991091146,0.09845548761591161,,-0.22010512760903822,-0.3360506456036916,-0.8005986563869527,0.42570100219236906
2026-07-21,4.999999999999982,3.000000000000025,0.9999999999999787,0.8817323558327317,0.0,0.0,6.859999999999999,1.6600000000000108,0.03135394313957818,-1.5999999999999979,-0.026293878060248965,0.25798540107349055,,1.942381730587961,1.1648602433139033,1.4775682458982864,2.761998685121725
2026-07-22,4.999999999999982,4.0000000000000036,2.0000000000000018,-0.1364591207581256,-1.0000000000000009,-0.9999999999999787,0.27000000000001023,1.6199999999999903,-0.0035662228934363327,-0.41000000000000014,0.052580844257618664,0.04293293328538894,-0.17618734723097162,1.1433540388900987,-0.06399823957154993,0.36600582382968483,-0.5370971089831755
2026-07-23,6.00000000000005,4.0000000000000036,0.0,-1.2163350976322818,2.0000000000000018,8.999999999999986,11.199999999999989,5.420000000000002,0.2765435578978348,2.0599999999999987,-0.3598546912208872,0.4405293467916849,0.46326349543246437,-2.0250095841770843,-1.191529319872231,-1.82868661561697,-0.6018991867976276
2026-07-24,-4.0000000000000036,-1.9999999999999574,-2.0000000000000018,0.04966168082702893,1.0000000000000009,2.0000000000000018,-5.009999999999991,-1.3400000000000034,-0.16306735727757982,-0.120000000000001,0.10545743133955343,-0.05496015527191034,-2.765036350437633,0.10223155810828999,-0.02591581547157773,0.7414031320059244,-1.9855207726888757
2026-07-27,-2.000000000000046,-4.0000000000000036,-4.999999999999982,0.016188695469310233,1.0000000000000009,2.0000000000000018,-8.490000000000009,-7.489999999999995,0.0525085690476601,0.09000000000000341,-0.07908264548179833,0.0,0.4941097268011063,0.7313900742155433,0.2007041914993124,0.7066063926594701,0.45686900907622174
2026-07-28,-4.999999999999982,-4.0000000000000036,-0.9999999999999787,0.21021490079125016,0.0,2.9999999999999805,-6.309999999999988,-3.3400000000000034,-0.12361299444014762,-0.46000000000000085,0.21951977906976283,-0.0366568919060839,-4.032515597592479,-1.414004679104064,-0.04529020009549356,0.029340382098741458,-2.0003815554887616
2026-07-29,-4.0000000000000036,5.999999999999961,5.999999999999961,-1.5277412729497897,0.0,3.000000000000025,6.439999999999998,5.170000000000002,0.13628049210057114,2.4499999999999993,-0.14922100640313296,0.12824037664795895,-1.5036417240169797,0.4618798129091495,-1.348505567123226,-0.6325880465333888,-2.090331173922877
2026-07-30,1.0000000000000675,0.9999999999999787,1.000000000000023,1.6468016385045914,-1.0000000000000009,-3.000000000000025,-0.04000000000000625,-0.9299999999999926,-0.9264635465779492,-3.5700000000000003,1.204939052263998,-2.7156587953787614,0.7027349404047811,1.625187370765513,2.070630166757592,2.822819211206795,4.0435485440978525
2026-07-31,4.999999999999982,7.000000000000028,0.9999999999999787,0.6979163942201438,0.0,1.000000000000023,5.040000000000006,1.009999999999991,0.023477444007369286,-1.0999999999999996,-0.02604053658220029,-0.19458312011533252,3.9529837615718932,-1.5012957345256872,0.4934413695038664,0.10037958545696668,0.7832060697153587
2026-08-03,-3.000000000000025,-4.999999999999982,-0.9999999999999787,1.4682620949146852,-2.0000000000000018,-7.000000000000028,-8.049999999999997,-4.200000000000003,-0.006934045120043919,-0.13000000000000078,-0.0868507958015241,-1.3918989741674714,-0.9477663755816934,0.04574044079914685,0.9606650774627745,0.9983034824379899,0.35823317500343066
2026-08-04,-4.999999999999982,-7.000000000000028,-4.0000000000000036,1.7737939490634957,0.0,-4.999999999999982,-2.430000000000007,-4.6299999999999955,-0.08140654911379386,0.6400000000000006,0.15627716325215257,0.30534374868897984,0.31732255040406443,0.6569565835270907,1.6888384440317594,1.241021787577612,2.57841219003625
2026-08-05,-2.000000000000046,0.0,-0.9999999999999787,-0.16778711924096967,-1.0000000000000009,2.0000000000000018,0.18000000000000682,-0.5499999999999972,-0.1754079562395816,-0.6899999999999995,0.1733553350843242,0.12060813345078358,3.5977264336663595,4.053975029237389,-0.08096713974907743,-0.16831974186679588,-0.4251430283056301
2026-08-06,7.000000000000028,6.00000000000005,3.999999999999959,-0.1761103405828024,1.0000000000000009,-4.0000000000000036,3.0,2.0999999999999943,0.10313965704522587,-0.6600000000000001,-0.22542059138023762,0.5188571498479178,-0.9352435166171347,0.007698804899458622,-0.2495284444256285,-0.014043012882414274,-1.0708448496857592
2026-08-07,-5.999999999999961,-4.0000000000000036,-0.9999999999999787,0.6165164734458273,0.0,-0.9999999999999787,-2.030000000000001,0.8900000000000006,-0.37422049722675155,-0.25,0.3292897256213734,-0.5759691861752181,-0.11661211998852394,2.233195460468451,0.8334913602169536,0.894609518946865,0.9490393676909292
2026-08-10,5.999999999999961,6.99999999999994,4.0000000000000036,-0.05841110363835611,0.0,0.0,5.11999999999999,3.990000000000009,0.04517523533520418,0.5600000000000005,-0.06057721616597456,0.8595679267492606,2.0570065665079795,1.0162275879128657,-0.21082436585526665,-0.2229085136288944,-0.7186044675720815
2026-08-11,-3.000000000000025,-1.9999999999999574,-2.0000000000000018,-0.32180766998877175,1.0000000000000009,2.0000000000000018,0.5200000000000102,1.009999999999991,0.05060896625277422,-0.1800000000000015,-0.07793895176951837,0.22002209096019243,,-0.3932841633815798,-0.13044302000828623,0.18115365355093616,0.3981661298104733
2026-08-12,-1.9999999999999574,-2.000000000000046,-1.000000000000023,0.2623299752730901,0.0,-1.000000000000023,-0.7400000000000091,0.20000000000000284,-0.05128056750969279,-0.7299999999999986,-0.025993155282180713,-0.012559658393751505,,0.9827899495455483,0.47125685444955323,0.06957821264874653,1.5619375605028907
2026-08-13,-4.999999999999982,-4.999999999999982,-1.9999999999999574,0.6494961886618356,0.0,0.0,-0.4899999999999949,-2.200000000000003,0.05614707828112131,0.08000000000000007,-0.07802002909742534,0.07533429950106196,1.155154852447282,-1.4828410072125209,0.5121424562982035,0.2223509311652272,0.33048133084809805
2026-08-14,1.9999999999999574,4.999999999999982,2.9999999999999805,-0.16978139755909893,0.0,-4.0000000000000036,-0.010000000000005116,1.2199999999999989,-0.23688771013024024,-0.3800000000000008,0.4326763413261353,-0.08789553554322538,0.5914525082225452,0.6296606490295176,-0.11700740186038061,0.0832490111181805,-0.10503368711640704
2026-08-17,2.000000000000046,4.0000000000000036,0.9999999999999787,-0.5241203383949511,1.0000000000000009,3.000000000000025,0.4100000000000108,2.0500000000000114,-0.07471075172684749,0.9399999999999995,0.08631107043674258,0.08161984443066927,0.7343397455205292,0.9938441945241294,-0.28384041147475614,-0.26386350868454755,1.0602639201243491
2026-08-18,0.0,-0.9999999999999787,2.0000000000000018,-0.6905594780615587,1.0000000000000009,4.999999999999982,2.8599999999999994,0.4399999999999977,0.1422221116265554,0.6500000000000004,-0.09494627617588347,0.15050799279148208,-2.5747799071252686,-1.726325801008688,-1.0872711129623625,-0.7958259443129556,-2.9853014663446586
2026-08-19,0.0,-5.999999999999961,0.0,0.2106529850241401,0.0,-2.0000000000000018,-2.9200000000000017,0.7999999999999972,-0.5480472464569175,-0.9499999999999993,0.7227703121453294,-0.7106277743204714,-3.2149102165414334,3.7646486600839246,0.3865552039212794,0.36379240578821026,1.171568045190341
2026-08-20,0.0,4.0000000000000036,4.0000000000000036,-0.8706731728175043,0.0,2.0000000000000018,1.6299999999999955,2.469999999999999,-0.06593752405112951,1.120000000000001,0.12851820301258976,0.25212745785951896,1.3537507526191206,0.3425436752555022,-0.4552948468734108,-0.4479286618352951,0.7684843415272091
2026-08-21,4.999999999999982,4.999999999999982,0.0,0.4336781299793202,0.0,-4.999999999999982,2.9200000000000017,-2.5400000000000063,-0.16249322288857115,-0.8800000000000008,0.042802722906631896,0.037764350901969834,-0.30314660656927117,1.9317992727441613,0.5237223399673141,0.6711481482549075,0.747722908629811
2026-08-24,0.0,-4.0000000000000036,-2.0000000000000018,-0.28067712327999317,0.0,-1.000000000000023,-4.210000000000008,-0.8699999999999903,0.21719062798544186,0.7199999999999989,-0.1627479052101255,0.1634809217217814,-0.7423684426402843,0.7834913645818453,-0.380051309941809,-0.22321948641961242,-1.51620725015702
2026-08-25,-7.000000000000028,-6.00000000000005,0.0,0.31858835803131313,0.0,1.000000000000023,-4.469999999999999,-2.4399999999999977,-0.07710915469836266,-0.40000000000000036,0.06855771971328306,0.025127206615049857,0.4998163916710041,0.3228990748476157,0.5478131766031069,0.29286554686462907,1.7096987904097638
2026-08-26,2.000000000000046,2.000000000000046,0.0,-0.020582323504214628,-1.0000000000000009,-3.000000000000025,-0.46999999999999886,-0.44000000000001194,0.18405037594453333,-0.23999999999999844,-0.188646943272211,0.09417083283747019,0.6141925605680498,-1.5894093368133966,-0.11181312858745684,-0.19514836666720825,-0.11903264631829558
2026-08-27,0.9999999999999787,0.9999999999999787,1.000000000000023,0.7177432317728716,-1.0000000000000009,-4.0000000000000036,2.410000000000011,1.3500000000000085,-0.07415403094137574,-0.7000000000000011,0.025745548307834487,-0.0627707006989553,-0.19665529298205087,0.30334622724064175,0.39078603037960846,-0.4615095859856311,0.6529218111355206
2026-08-28,13.999999999999968,6.00000000000005,-2.0000000000000018,-0.24904903517271038,-1.0000000000000009,-2.9999999999999805,-0.4300000000000068,-0.2400000000000091,0.328629407945602,-0.08000000000000007,-0.48167992666336423,0.44482108242061,0.4128345652972598,-3.2979912585473947,-0.27276840919761014,0.028036822732691036,-0.6975927668960935
2026-08-31,0.0,1.9999999999999574,0.0,-0.3327729579037708,1.0000000000000009,2.9999999999999805,,2.460000000000008,-0.15169662914802373,0.4900000000000002,0.16368730770889017,-0.14388041642616756,-0.14109672437818688,-0.11501174740704556,-0.25484283681214137,-0.7313735605757543,-0.1788950240531051
2026-09-01,4.999999999999982,4.0000000000000036,4.0000000000000036,-0.7138219622845554,1.0000000000000009,2.0000000000000018,,4.450000000000003,0.07495004033026831,1.42,-0.20680748430733364,0.18138041686563966,-0.14576625188578163,-2.898973015866524,-0.7872546394390056,-1.2071417039619448,-0.3737204626927948
2026-09-02,0.0,0.0,-1.000000000000023,0.4592744280895289,0.0,1.000000000000023,1.5700000000000074,0.6700000000000017,-0.10725742470434341,-1.1400000000000006,-0.008626266988309705,-0.7778723119893804,-2.8953850560300864,1.5084144741502215,0.4631120918179299,0.2426056080958361,0.5675118098984022
2026-09-03,-4.999999999999982,-2.000000000000046,1.000000000000023,1.0524084259268207,1.0000000000000009,-1.000000000000023,2.9299999999999926,0.3999999999999915,-0.34024015251290507,-0.879999999999999,0.2670688643189728,-2.1644488739362977,-0.17295771578655916,1.83030999814644,1.1052572901731672,0.6110039268325984,0.47541270391810997
2026-09-04,3.000000000000025,1.0000000000000675,0.0,-0.3764315389284789,-1.0000000000000009,3.000000000000025,1.7199999999999989,0.14000000000000057,-0.04555457694825904,0.20999999999999908,-0.04302740912302816,0.4622801169932522,1.2480641425614891,-0.8445715995856418,-0.030882285070799043,0.08496911994626544,1.806608207492566
2026-09-08,1.9999999999999574,1.9999999999999574,2.0000000000000018,-0.5857559438846138,0.0,-1.000000000000023,3.8800000000000097,1.519999999999996,-0.13602509704817578,1.1900000000000013,0.0774360116130468,-1.2051056106339608,0.38128756802002783,-1.748358308614506,-0.470556559421631,-0.2692970808740647,0.18905682060479378
2026-09-09,4.0000000000000036,3.000000000000025,0.0,-0.4854391147842918,0.0,4.0000000000000036,3.3900000000000006,3.0500000000000114,-0.02485198029207325,0.7400000000000002,0.0,-0.48092638349839234,-0.19407712937375976,0.9040381467557701,-0.6100684945113066,-1.0701393554580108,-0.5097942158711177
2026-09-10,12.99999999999999,12.00000000000001,2.9999999999999805,-0.5865504606717309,-1.0000000000000009,-0.9999999999999787,11.469999999999999,6.309999999999988,0.16553509618404405,1.379999999999999,0.017199862443501024,0.3641569897568253,0.19655912190525981,-1.7481834281749542,-0.8528305687341309,-0.9657706328938254,-2.1849161463162403
2026-09-11,7.000000000000028,0.9999999999999787,-4.0000000000000036,0.8562104890909694,-1.0000000000000009,-5.000000000000027,-2.9200000000000017,-2.299999999999997,0.11333469690386622,-2.0,-0.21521120517485337,-0.22744266879790587,-1.9486812303076917,0.6061929797228416,0.9152563544197356,0.9514213946292926,1.2459318111115003
2026-09-14,2.000000000000046,0.9999999999999787,1.000000000000023,-0.48439051153508217,1.0000000000000009,6.000000000000005,3.1899999999999977,1.1500000000000057,,1.2600000000000016,,,-0.813074905979505,-1.49823870630863,-0.8082455321013704,-1.1834453737700201,-2.7648754478784454
2026-09-15,1.9999999999999574,3.000000000000025,0.9999999999999787,-0.4504894269672377,0.0,4.999999999999982,9.550000000000011,4.599999999999994,,0.09999999999999787,,,-0.014002525990441939,0.332913705322202,-0.47926044367168075,-0.3781742788317999,-0.34913997901160343
2026-09-16,7.000000000000028,0.9999999999999787,-4.999999999999982,-0.4481581125117984,-2.0000000000000018,-5.999999999999961,,,,0.5100000000000016,,,0.6889753179631697,-0.6133202522902614,-0.3736404983055941,-0.4967197407934165,-0.060847148981135746
2026-09-17,-7.000000000000028,-6.99999999999994,0.0,1.131709684306692,-1.0000000000000009,0.0,,,,-2.2700000000000014,,,0.33304926761204,1.675775279382652,1.2359112262064542,0.8748940196252164,1.794517578322452
