date,complete,articles,war_articles,acts,threats,energy,peace,risk_balance,attention,attention_change,risk_change,news_innovation,macro
2026-01-02,True,2,0,0,0,0,0,0.0,0.0,,,,False
2026-01-05,True,2,0,0,0,0,0,0.0,0.0,0.0,0.0,0.0,False
2026-01-06,True,1,0,0,0,0,0,0.0,0.0,0.0,0.0,0.0,False
2026-01-07,True,3,0,0,0,0,0,0.0,0.0,0.0,0.0,0.0,False
2026-01-08,True,3,1,0,0,0,1,-25.0,0.6931471805599453,0.6931471805599453,-25.0,0.6931471805599453,False
2026-01-09,True,2,0,0,0,0,0,0.0,0.0,-0.6931471805599453,25.0,0.6931471805599453,True
2026-01-12,True,16,3,1,2,0,1,4.6875,1.3862943611198906,1.3862943611198906,4.6875,1.3862943611198906,False
2026-01-13,True,7,1,0,1,0,0,7.142857142857143,0.6931471805599453,-0.6931471805599453,2.4553571428571432,0.6931471805599453,True
2026-01-14,True,7,1,0,1,0,0,7.142857142857143,0.6931471805599453,0.0,0.0,0.0,False
2026-01-15,True,5,2,2,2,0,0,40.0,1.0986122886681098,0.4054651081081645,32.857142857142854,0.4054651081081645,False
2026-01-16,True,2,0,0,0,0,0,0.0,0.0,-1.0986122886681098,-40.0,1.0986122886681098,False
2026-01-20,True,8,1,1,1,0,0,12.5,0.6931471805599453,0.6931471805599453,12.5,0.6931471805599453,False
2026-01-21,True,1,0,0,0,0,0,0.0,0.0,-0.6931471805599453,-12.5,0.6931471805599453,False
2026-01-22,True,0,0,0,0,0,0,0.0,0.0,0.0,0.0,0.0,False
2026-01-23,True,0,0,0,0,0,0,0.0,0.0,0.0,0.0,0.0,False
2026-01-26,True,7,2,2,1,0,0,28.571428571428573,1.0986122886681098,1.0986122886681098,28.571428571428573,1.0986122886681098,False
2026-01-27,True,2,1,0,1,0,0,25.0,0.6931471805599453,-0.4054651081081645,-3.571428571428573,0.4054651081081645,False
2026-01-28,True,3,1,0,1,0,1,-16.666666666666668,0.6931471805599453,0.0,-41.66666666666667,0.0,True
2026-01-29,True,8,2,1,1,0,1,6.25,1.0986122886681098,0.4054651081081645,22.916666666666668,0.4054651081081645,False
2026-01-30,True,5,2,1,2,0,0,30.0,1.0986122886681098,0.0,23.75,0.0,False
2026-02-02,True,2,0,0,0,0,0,0.0,0.0,-1.0986122886681098,-30.0,1.0986122886681098,False
2026-02-03,True,2,0,0,0,0,0,0.0,0.0,0.0,0.0,0.0,False
2026-02-04,True,3,1,0,0,0,1,-25.0,0.6931471805599453,0.6931471805599453,-25.0,0.6931471805599453,False
2026-02-05,True,2,0,0,0,0,0,0.0,0.0,-0.6931471805599453,25.0,0.6931471805599453,False
2026-02-06,True,1,0,0,0,0,0,0.0,0.0,0.0,0.0,0.0,False
2026-02-09,True,4,0,0,0,0,0,0.0,0.0,0.0,0.0,0.0,False
2026-02-10,True,2,1,0,1,0,0,50.0,0.6931471805599453,0.6931471805599453,50.0,0.6931471805599453,False
2026-02-11,True,2,2,0,2,0,1,0.0,1.0986122886681098,0.4054651081081645,-50.0,0.4054651081081645,True
2026-02-12,True,1,0,0,0,0,0,0.0,0.0,-1.0986122886681098,0.0,1.0986122886681098,False
2026-02-13,True,1,0,0,0,0,0,0.0,0.0,0.0,0.0,0.0,True
2026-02-17,True,8,2,0,1,0,2,-15.625,1.0986122886681098,1.0986122886681098,-15.625,1.0986122886681098,False
2026-02-18,True,0,0,0,0,0,0,0.0,0.0,-1.0986122886681098,15.625,1.0986122886681098,False
2026-02-19,True,3,2,2,0,0,2,0.0,1.0986122886681098,1.0986122886681098,0.0,1.0986122886681098,False
2026-02-20,True,0,0,0,0,0,0,0.0,0.0,-1.0986122886681098,0.0,1.0986122886681098,False
2026-02-23,True,7,3,2,2,0,1,21.428571428571427,1.3862943611198906,1.3862943611198906,21.428571428571427,1.3862943611198906,False
2026-02-24,True,1,0,0,0,0,0,0.0,0.0,-1.3862943611198906,-21.428571428571427,1.3862943611198906,False
2026-02-25,True,2,1,0,1,0,1,-25.0,0.6931471805599453,0.6931471805599453,-25.0,0.6931471805599453,False
2026-02-26,True,3,3,0,1,0,0,50.0,1.3862943611198906,0.6931471805599453,75.0,0.6931471805599453,False
2026-02-27,True,3,2,0,1,0,1,-8.333333333333334,1.0986122886681098,-0.2876820724517808,-58.333333333333336,0.2876820724517808,False
2026-03-02,True,65,37,27,5,2,2,44.23076923076923,3.6375861597263857,2.5389738710582757,52.56410256410257,2.5389738710582757,False
2026-03-03,True,29,18,9,1,2,0,43.10344827586207,2.9444389791664403,-0.6931471805599454,-1.1273209549071623,0.6931471805599454,False
2026-03-04,True,21,8,5,1,0,0,27.38095238095238,2.1972245773362196,-0.7472144018302207,-15.722495894909692,0.7472144018302207,False
2026-03-05,True,15,10,4,2,0,1,33.333333333333336,2.3978952727983707,0.2006706954621511,5.952380952380956,0.2006706954621511,False
2026-03-06,True,17,8,5,1,1,0,38.23529411764706,2.1972245773362196,-0.2006706954621511,4.901960784313722,0.2006706954621511,True
2026-03-09,True,36,19,9,3,2,0,33.333333333333336,2.995732273553991,0.7985076962177713,-4.901960784313722,0.7985076962177713,False
2026-03-10,True,18,12,4,5,4,0,45.833333333333336,2.5649493574615367,-0.4307829160924541,12.5,0.4307829160924541,False
2026-03-11,True,23,11,6,1,4,0,35.869565217391305,2.4849066497880004,-0.08004270767353638,-9.963768115942031,0.08004270767353638,True
2026-03-12,True,16,8,5,0,0,1,29.6875,2.1972245773362196,-0.2876820724517808,-6.182065217391305,0.2876820724517808,False
2026-03-13,True,8,2,1,1,0,0,18.75,1.0986122886681098,-1.0986122886681098,-10.9375,1.0986122886681098,False
2026-03-16,True,40,21,6,6,5,0,30.625,3.091042453358316,1.9924301646902063,11.875,1.9924301646902063,False
2026-03-17,True,9,3,0,0,1,2,-8.333333333333334,1.3862943611198906,-1.7047480922384255,-38.958333333333336,1.7047480922384255,False
2026-03-18,True,11,5,3,1,1,1,31.818181818181817,1.791759469228055,0.4054651081081644,40.15151515151515,0.4054651081081644,True
2026-03-19,True,9,6,2,1,0,1,22.22222222222222,1.9459101490553132,0.15415067982725827,-9.595959595959595,0.15415067982725827,False
2026-03-20,True,3,2,1,2,0,0,50.0,1.0986122886681098,-0.8472978603872034,27.77777777777778,0.8472978603872034,False
2026-03-23,True,21,16,8,3,4,2,47.61904761904762,2.833213344056216,1.7346010553881064,-2.3809523809523796,1.7346010553881064,False
2026-03-24,True,7,4,1,0,2,2,10.714285714285714,1.6094379124341003,-1.2237754316221159,-36.904761904761905,1.2237754316221159,False
2026-03-25,True,6,2,0,0,0,1,-8.333333333333334,1.0986122886681098,-0.5108256237659905,-19.047619047619047,0.5108256237659905,False
2026-03-26,True,7,4,2,0,2,1,28.571428571428573,1.6094379124341003,0.5108256237659905,36.904761904761905,0.5108256237659905,False
2026-03-27,True,9,6,3,1,1,1,38.888888888888886,1.9459101490553132,0.33647223662121295,10.317460317460313,0.33647223662121295,False
2026-03-30,True,18,6,1,1,2,1,15.277777777777779,1.9459101490553132,0.0,-23.611111111111107,0.0,False
2026-03-31,True,7,4,3,0,2,0,46.42857142857143,1.6094379124341003,-0.33647223662121295,31.150793650793652,0.33647223662121295,False
2026-04-01,True,6,3,2,0,0,0,37.5,1.3862943611198906,-0.2231435513142097,-8.92857142857143,0.2231435513142097,False
2026-04-02,True,12,6,1,2,3,1,25.0,1.9459101490553132,0.5596157879354227,-12.5,0.5596157879354227,False
2026-04-06,True,25,10,3,3,2,1,23.0,2.3978952727983707,0.45198512374305744,-2.0,0.45198512374305744,True
2026-04-07,True,8,4,3,3,1,0,43.75,1.6094379124341003,-0.7884573603642704,20.75,0.7884573603642704,False
2026-04-08,True,18,14,0,2,4,9,-13.88888888888889,2.70805020110221,1.0986122886681098,-57.638888888888886,1.0986122886681098,False
2026-04-09,True,11,4,1,1,0,3,-9.090909090909092,1.6094379124341003,-1.0986122886681098,4.797979797979798,1.0986122886681098,False
2026-04-10,True,7,5,0,2,0,1,10.714285714285714,1.791759469228055,0.18232155679395468,19.805194805194805,0.18232155679395468,True
2026-04-13,True,11,8,2,2,4,2,29.545454545454547,2.1972245773362196,0.4054651081081646,18.83116883116883,0.4054651081081646,False
2026-04-14,True,2,0,0,0,0,0,0.0,0.0,-2.1972245773362196,-29.545454545454547,2.1972245773362196,False
2026-04-15,True,4,1,0,0,0,1,-18.75,0.6931471805599453,0.6931471805599453,-18.75,0.6931471805599453,False
2026-04-16,True,4,1,0,0,1,0,18.75,0.6931471805599453,0.0,37.5,0.0,False
2026-04-17,True,5,3,0,0,0,1,-5.0,1.3862943611198906,0.6931471805599453,-23.75,0.6931471805599453,False
2026-04-20,True,11,6,2,1,1,2,15.909090909090908,1.9459101490553132,0.5596157879354227,20.909090909090907,0.5596157879354227,False
2026-04-21,True,5,5,0,0,0,5,-75.0,1.791759469228055,-0.15415067982725827,-90.9090909090909,0.15415067982725827,False
2026-04-22,True,5,4,2,0,2,2,40.0,1.6094379124341003,-0.18232155679395468,115.0,0.18232155679395468,False
2026-04-23,True,6,3,1,1,1,0,37.5,1.3862943611198906,-0.2231435513142097,-2.5,0.2231435513142097,False
2026-04-24,True,5,2,0,0,0,1,-10.0,1.0986122886681098,-0.2876820724517808,-47.5,0.2876820724517808,False
2026-04-27,True,7,7,0,0,1,2,7.142857142857143,2.0794415416798357,0.980829253011726,17.142857142857142,0.980829253011726,False
2026-04-28,True,3,2,0,0,1,0,33.333333333333336,1.0986122886681098,-0.980829253011726,26.190476190476193,0.980829253011726,False
2026-04-29,True,7,3,0,1,1,1,7.142857142857143,1.3862943611198906,0.2876820724517808,-26.190476190476193,0.2876820724517808,True
2026-04-30,True,2,1,0,0,1,0,37.5,0.6931471805599453,-0.6931471805599453,30.357142857142858,0.6931471805599453,False
2026-05-01,True,3,1,0,0,0,1,-25.0,0.6931471805599453,0.0,-62.5,0.0,False
2026-05-04,True,9,5,3,2,3,2,25.0,1.791759469228055,1.0986122886681096,50.0,1.0986122886681096,False
2026-05-05,True,6,2,0,1,0,1,-4.166666666666667,1.0986122886681098,-0.6931471805599452,-29.166666666666668,0.6931471805599452,False
2026-05-06,True,8,1,0,0,1,0,9.375,0.6931471805599453,-0.4054651081081645,13.541666666666668,0.4054651081081645,False
2026-05-07,True,6,4,1,1,2,3,4.166666666666667,1.6094379124341003,0.916290731874155,-5.208333333333333,0.916290731874155,False
2026-05-08,True,2,1,1,0,1,1,37.5,0.6931471805599453,-0.916290731874155,33.333333333333336,0.916290731874155,True
2026-05-11,True,7,4,0,0,1,1,10.714285714285714,1.6094379124341003,0.916290731874155,-26.785714285714285,0.916290731874155,False
2026-05-12,True,5,1,1,0,0,0,20.0,0.6931471805599453,-0.916290731874155,9.285714285714286,0.916290731874155,True
2026-05-13,True,3,1,0,1,1,0,33.333333333333336,0.6931471805599453,0.0,13.333333333333336,0.0,False
2026-05-14,True,2,1,0,0,1,0,37.5,0.6931471805599453,0.0,4.166666666666664,0.0,False
2026-05-15,True,4,2,0,0,1,0,25.0,1.0986122886681098,0.4054651081081645,-12.5,0.4054651081081645,False
2026-05-18,True,3,2,1,1,1,1,33.333333333333336,1.0986122886681098,0.0,8.333333333333336,0.0,False
2026-05-19,True,3,2,0,0,0,0,25.0,1.0986122886681098,0.0,-8.333333333333336,0.0,False
2026-05-20,True,5,1,0,1,0,0,10.0,0.6931471805599453,-0.4054651081081645,-15.0,0.4054651081081645,False
2026-05-21,True,1,0,0,0,0,0,0.0,0.0,-0.6931471805599453,-10.0,0.6931471805599453,False
2026-05-22,True,1,0,0,0,0,0,0.0,0.0,0.0,0.0,0.0,False
2026-05-26,True,13,7,3,0,0,6,-15.384615384615385,2.0794415416798357,2.0794415416798357,-15.384615384615385,2.0794415416798357,False
2026-05-27,True,2,1,0,0,0,1,-37.5,0.6931471805599453,-1.3862943611198904,-22.115384615384613,1.3862943611198904,False
2026-05-28,True,4,2,1,0,0,0,31.25,1.0986122886681098,0.4054651081081645,68.75,0.4054651081081645,False
2026-05-29,True,3,1,0,0,0,1,-25.0,0.6931471805599453,-0.4054651081081645,-56.25,0.4054651081081645,False
2026-06-01,True,6,4,0,1,0,1,12.5,1.6094379124341003,0.916290731874155,37.5,0.916290731874155,False
2026-06-02,True,4,1,0,1,0,0,25.0,0.6931471805599453,-0.916290731874155,12.5,0.916290731874155,False
2026-06-03,True,5,1,1,0,0,1,0.0,0.6931471805599453,0.0,-25.0,0.0,False
2026-06-04,True,3,2,0,0,1,0,41.666666666666664,1.0986122886681098,0.4054651081081645,41.666666666666664,0.4054651081081645,False
2026-06-05,True,4,0,0,0,0,0,0.0,0.0,-1.0986122886681098,-41.666666666666664,1.0986122886681098,True
2026-06-08,True,13,6,4,1,1,2,25.0,1.9459101490553132,1.9459101490553132,25.0,1.9459101490553132,False
2026-06-09,True,4,2,0,0,0,1,-12.5,1.0986122886681098,-0.8472978603872034,-37.5,0.8472978603872034,False
2026-06-10,True,4,0,0,0,0,0,0.0,0.0,-1.0986122886681098,12.5,1.0986122886681098,True
2026-06-11,True,2,2,2,1,0,0,100.0,1.0986122886681098,1.0986122886681098,100.0,1.0986122886681098,False
2026-06-12,True,4,3,0,0,0,1,0.0,1.3862943611198906,0.2876820724517808,-100.0,0.2876820724517808,False
2026-06-15,True,12,9,0,0,3,5,-8.333333333333334,2.302585092994046,0.9162907318741553,-8.333333333333334,0.9162907318741553,False
2026-06-16,True,6,3,0,0,0,3,-37.5,1.3862943611198906,-0.9162907318741553,-29.166666666666664,0.9162907318741553,False
2026-06-17,True,5,3,1,2,1,3,0.0,1.3862943611198906,0.0,37.5,0.0,True
2026-06-18,True,5,2,0,0,1,1,0.0,1.0986122886681098,-0.2876820724517808,0.0,0.2876820724517808,False
2026-06-22,True,12,8,2,1,1,3,10.416666666666666,2.1972245773362196,1.0986122886681098,10.416666666666666,1.0986122886681098,False
2026-06-23,True,2,1,0,0,1,0,37.5,0.6931471805599453,-1.5040773967762742,27.083333333333336,1.5040773967762742,False
2026-06-24,True,1,1,0,0,0,1,-75.0,0.6931471805599453,0.0,-112.5,0.0,False
2026-06-25,True,2,1,0,0,1,0,37.5,0.6931471805599453,0.0,112.5,0.0,False
2026-06-26,True,3,2,2,0,2,0,66.66666666666667,1.0986122886681098,0.4054651081081645,29.16666666666667,0.4054651081081645,False
2026-06-29,True,6,4,1,1,1,1,20.833333333333332,1.6094379124341003,0.5108256237659905,-45.83333333333334,0.5108256237659905,False
2026-06-30,True,2,1,0,0,0,0,25.0,0.6931471805599453,-0.916290731874155,4.166666666666668,0.916290731874155,False
2026-07-01,True,0,0,0,0,0,0,0.0,0.0,-0.6931471805599453,-25.0,0.6931471805599453,False
2026-07-02,True,0,0,0,0,0,0,0.0,0.0,0.0,0.0,0.0,True
2026-07-06,True,9,1,0,0,1,0,8.333333333333334,0.6931471805599453,0.6931471805599453,8.333333333333334,0.6931471805599453,False
2026-07-07,True,3,1,1,0,1,0,33.333333333333336,0.6931471805599453,0.0,25.0,0.0,False
2026-07-08,True,6,3,0,1,0,1,8.333333333333334,1.3862943611198906,0.6931471805599453,-25.0,0.6931471805599453,False
2026-07-09,True,2,2,2,1,0,0,100.0,1.0986122886681098,-0.2876820724517808,91.66666666666667,0.2876820724517808,False
2026-07-10,True,1,0,0,0,0,0,0.0,0.0,-1.0986122886681098,-100.0,1.0986122886681098,False
2026-07-13,True,7,4,2,1,4,0,50.0,1.6094379124341003,1.6094379124341003,50.0,1.6094379124341003,False
2026-07-14,True,3,1,1,1,1,0,33.333333333333336,0.6931471805599453,-0.916290731874155,-16.666666666666664,0.916290731874155,True
2026-07-15,True,2,2,1,1,2,0,87.5,1.0986122886681098,0.4054651081081645,54.166666666666664,0.4054651081081645,False
2026-07-16,True,3,3,2,0,2,0,91.66666666666667,1.3862943611198906,0.2876820724517808,4.166666666666671,0.2876820724517808,False
2026-07-17,True,2,2,2,0,0,0,100.0,1.0986122886681098,-0.2876820724517808,8.333333333333329,0.2876820724517808,False
2026-07-20,True,6,6,4,3,0,0,75.0,1.9459101490553132,0.8472978603872034,-25.0,0.8472978603872034,False
2026-07-21,True,5,3,1,1,0,0,35.0,1.3862943611198906,-0.5596157879354227,-40.0,0.5596157879354227,False
2026-07-22,True,5,3,3,1,0,0,60.0,1.3862943611198906,0.0,25.0,0.0,False
2026-07-23,True,4,2,1,0,0,0,31.25,1.0986122886681098,-0.2876820724517808,-28.75,0.2876820724517808,False
2026-07-24,True,4,2,2,1,0,0,50.0,1.0986122886681098,0.0,18.75,0.0,False
2026-07-27,True,5,3,2,2,0,1,30.0,1.3862943611198906,0.2876820724517808,-20.0,0.2876820724517808,False
2026-07-28,True,1,1,1,0,0,0,100.0,0.6931471805599453,-0.6931471805599453,70.0,0.6931471805599453,False
2026-07-29,True,2,1,1,0,0,0,50.0,0.6931471805599453,0.0,-50.0,0.0,True
2026-07-30,True,4,3,0,1,0,1,0.0,1.3862943611198906,0.6931471805599453,-50.0,0.6931471805599453,False
2026-07-31,True,2,1,1,0,1,0,50.0,0.6931471805599453,-0.6931471805599453,50.0,0.6931471805599453,False
2026-08-03,True,5,3,1,1,1,3,-15.0,1.3862943611198906,0.6931471805599453,-65.0,0.6931471805599453,False
2026-08-04,True,3,2,0,1,2,1,25.0,1.0986122886681098,-0.2876820724517808,40.0,0.2876820724517808,False
2026-08-05,True,1,1,0,0,1,0,75.0,0.6931471805599453,-0.4054651081081645,50.0,0.4054651081081645,False
2026-08-06,True,1,0,0,0,0,0,0.0,0.0,-0.6931471805599453,-75.0,0.6931471805599453,False
2026-08-07,True,2,1,0,0,0,1,-37.5,0.6931471805599453,0.6931471805599453,-37.5,0.6931471805599453,True
2026-08-10,True,5,3,0,0,1,1,5.0,1.3862943611198906,0.6931471805599453,42.5,0.6931471805599453,False
2026-08-11,True,0,0,0,0,0,0,0.0,0.0,-1.3862943611198906,-5.0,1.3862943611198906,False
2026-08-12,True,1,0,0,0,0,0,0.0,0.0,0.0,0.0,0.0,True
2026-08-13,True,0,0,0,0,0,0,0.0,0.0,0.0,0.0,0.0,False
2026-08-14,True,1,1,0,1,1,0,100.0,0.6931471805599453,0.6931471805599453,100.0,0.6931471805599453,False
2026-08-17,True,3,1,1,1,0,0,33.333333333333336,0.6931471805599453,0.0,-66.66666666666666,0.0,False
2026-08-18,True,0,0,0,0,0,0,0.0,0.0,-0.6931471805599453,-33.333333333333336,0.6931471805599453,False
2026-08-19,True,0,0,0,0,0,0,0.0,0.0,0.0,0.0,0.0,False
2026-08-20,True,1,1,1,1,0,0,100.0,0.6931471805599453,0.6931471805599453,100.0,0.6931471805599453,False
2026-08-21,True,0,0,0,0,0,0,0.0,0.0,-0.6931471805599453,-100.0,0.6931471805599453,False
2026-08-24,True,5,5,1,3,0,0,55.0,1.791759469228055,1.791759469228055,55.0,1.791759469228055,False
2026-08-25,True,3,2,0,2,1,0,50.0,1.0986122886681098,-0.6931471805599452,-5.0,0.6931471805599452,False
2026-08-26,True,3,1,0,0,1,0,25.0,0.6931471805599453,-0.4054651081081645,-25.0,0.4054651081081645,False
2026-08-27,True,1,0,0,0,0,0,0.0,0.0,-0.6931471805599453,-25.0,0.6931471805599453,False
2026-08-28,True,0,0,0,0,0,0,0.0,0.0,0.0,0.0,0.0,False
2026-08-31,True,3,1,0,1,0,0,16.666666666666668,0.6931471805599453,0.6931471805599453,16.666666666666668,0.6931471805599453,False
2026-09-01,True,0,0,0,0,0,0,0.0,0.0,-0.6931471805599453,-16.666666666666668,0.6931471805599453,False
2026-09-02,True,1,1,1,0,0,0,100.0,0.6931471805599453,0.6931471805599453,100.0,0.6931471805599453,False
2026-09-03,True,4,3,1,1,0,0,43.75,1.3862943611198906,0.6931471805599453,-56.25,0.6931471805599453,False
2026-09-04,True,1,1,1,0,0,0,100.0,0.6931471805599453,-0.6931471805599453,56.25,0.6931471805599453,True
2026-09-08,True,6,3,1,3,2,0,41.666666666666664,1.3862943611198906,0.6931471805599453,-58.333333333333336,0.6931471805599453,False
2026-09-09,True,2,1,1,0,1,0,50.0,0.6931471805599453,-0.6931471805599453,8.333333333333336,0.6931471805599453,False
2026-09-10,True,1,0,0,0,0,0,0.0,0.0,-0.6931471805599453,-50.0,0.6931471805599453,False
2026-09-11,True,2,2,0,0,0,0,25.0,1.0986122886681098,1.0986122886681098,25.0,1.0986122886681098,True
2026-09-14,True,5,1,0,0,1,1,-5.0,0.6931471805599453,-0.4054651081081645,-30.0,0.4054651081081645,False
2026-09-15,True,3,1,0,0,0,0,8.333333333333334,0.6931471805599453,0.0,13.333333333333334,0.0,False
2026-09-16,True,4,2,0,0,0,0,12.5,1.0986122886681098,0.4054651081081645,4.166666666666666,0.4054651081081645,True
2026-09-17,True,1,1,1,0,0,0,100.0,0.6931471805599453,-0.4054651081081645,87.5,0.4054651081081645,False
